location,time,life_expectancy,fertility_rate,pop_mlns
AUS,2014,82.4,1.8,23.491
BEL,2014,81.4,1.7,11.22728
CAN,2014,81.8,1.6,35.54
CZE,2014,78.9,1.5,10.52478
FIN,2014,81.3,1.7,5.472
FRA,2014,82.8,2,64.06225
DEU,2014,81.2,1.5,80.896
HUN,2014,75.9,1.4,9.863
ISL,2014,82.9,1.9,0.3273855
IRL,2014,81.4,2,4.6099
ITA,2014,83.2,1.4,60.44791
KOR,2014,81.8,1.2,50.424
LUX,2014,82.3,1.5,0.5497
MEX,2014,74.8,2.2,119.713
NZL,2014,81.5,1.9,4.5097
NOR,2014,82.2,1.8,5.137
POL,2014,77.7,1.3,38.484
ESP,2014,83.3,1.3,46.46405
TUR,2014,78,2.2,76.90287
GBR,2014,81.4,1.8,63.65001
USA,2014,78.9,1.9,318.857
CHL,2014,79.7,1.9,17.81905
EST,2014,77.2,1.5,1.315819
SVN,2014,81.2,1.6,2.061623
ZAF,2014,57.2,2.5,54.002
AUS,2013,82.2,1.9,23.126
AUT,2013,81.2,1.4,8.46857
BEL,2013,80.7,1.7,11.17844
CAN,2013,81.7,1.6,35.154
CZE,2013,78.3,1.5,10.51072
DNK,2013,80.4,1.7,5.614932
FIN,2013,81.1,1.8,5.439
FRA,2013,82.3,2,63.78614
DEU,2013,80.6,1.4,80.611
HUN,2013,75.7,1.3,9.893
ISL,2013,82.1,1.9,0.323764
IRL,2013,81,2,4.5931
ITA,2013,82.8,1.4,60.22473
JPN,2013,83.4,1.4,127.298
KOR,2013,81.4,1.2,50.22
LUX,2013,81.9,1.6,0.537
MEX,2013,74.6,2.2,118.3951
NLD,2013,81.4,1.7,16.80443
NZL,2013,81.4,2,4.4421
NOR,2013,81.8,1.8,5.08
POL,2013,77.1,1.3,38.502
PRT,2013,80.8,1.2,10.45729
SVK,2013,76.5,1.3,5.415949
ESP,2013,83.2,1.3,46.59323
SWE,2013,82,1.9,9.609
CHE,2013,82.9,1.5,8.14
TUR,2013,78,2.1,76.05462
GBR,2013,81.1,1.8,63.23794
USA,2013,78.8,1.9,316.498
BRA,2013,74.2,1.8,201.4671
CHL,2013,79.5,1.8,17.63158
CHN,2013,75.6,1.6,1385.567
EST,2013,77.3,1.5,1.317997
IND,2013,67.7,2.4,1252.14
IDN,2013,68.8,2.4,249.8656
ISR,2013,82.1,3,8.059
RUS,2013,70.7,1.7,143.507
SVN,2013,80.4,1.6,2.059114
ZAF,2013,56.8,2.5,53.158
AUS,2012,82.1,1.9,22.728
AUT,2012,81,1.4,8.426311
BEL,2012,80.5,1.8,11.12825
CAN,2012,81.5,1.6,34.88049
CZE,2012,78.2,1.5,10.50929
DNK,2012,80.1,1.7,5.591572
FIN,2012,80.7,1.8,5.414
FRA,2012,82.1,2,63.514
DEU,2012,80.6,1.4,80.413
GRC,2012,80.7,1.3,11.09
HUN,2012,75.2,1.3,9.92
ISL,2012,83,2,0.320716
IRL,2012,80.9,2,4.5854
ITA,2012,82.3,1.4,59.89803
JPN,2012,83.2,1.4,127.515
KOR,2012,80.9,1.3,50.00444
LUX,2012,81.5,1.6,0.5249
MEX,2012,74.4,2.2,117.0538
NLD,2012,81.2,1.7,16.75496
NZL,2012,81.2,2.1,4.4081
NOR,2012,81.5,1.9,5.019
POL,2012,76.9,1.3,38.534
PRT,2012,80.5,1.3,10.51484
SVK,2012,76.2,1.3,5.407579
ESP,2012,82.5,1.3,46.7664
SWE,2012,81.8,1.9,9.519374
CHE,2012,82.8,1.5,7.996861
TUR,2012,74.6,2.1,75.17583
GBR,2012,81,1.9,62.8588
USA,2012,78.8,1.9,314.1121
BRA,2012,73.9,1.8,199.6889
CHL,2012,78.7,1.8,17.4448
CHN,2012,75.4,1.6,1377.065
EST,2012,76.5,1.6,1.322696
IND,2012,67.3,2.5,1236.687
IDN,2012,68.6,2.5,246.8642
ISR,2012,81.8,3.1,7.9105
RUS,2012,70.2,1.7,143.207
SVN,2012,80.2,1.6,2.056262
ZAF,2012,56.1,2.6,52.341
LVA,2012,73.9,1.4,2.034
AUS,2011,82,1.9,22.34
AUT,2011,81.1,1.4,8.388534
BEL,2011,80.7,1.8,11.04774
CAN,2011,81.3,1.6,34.48398
CZE,2011,78,1.4,10.49667
DNK,2011,79.9,1.8,5.570572
FIN,2011,80.6,1.8,5.388
FRA,2011,82.3,2,63.22316
DEU,2011,80.5,1.4,80.249
GRC,2011,80.8,1.4,11.124
HUN,2011,75,1.2,9.972
ISL,2011,82.4,2,0.319014
IRL,2011,80.8,2,4.5749
ITA,2011,82.3,1.4,59.65969
JPN,2011,82.7,1.4,127.799
KOR,2011,80.6,1.2,49.77944
LUX,2011,81.1,1.5,0.5118
MEX,2011,74.2,2.3,115.6829
NLD,2011,81.3,1.8,16.69307
NZL,2011,81,2.1,4.384
NOR,2011,81.4,1.9,4.953
POL,2011,76.8,1.3,38.526
PRT,2011,80.6,1.4,10.55756
SVK,2011,76.1,1.5,5.398384
ESP,2011,82.6,1.3,46.73626
SWE,2011,81.9,1.9,9.449212
CHE,2011,82.8,1.5,7.912398
TUR,2011,74.6,2,74.22363
GBR,2011,81,1.9,62.4352
USA,2011,78.7,1.9,311.7216
BRA,2011,73.6,1.8,197.8253
CHL,2011,78.7,1.9,17.25553
CHN,2011,75.2,1.6,1368.44
EST,2011,76.4,1.6,1.327439
IND,2011,66.9,2.5,1221.156
IDN,2011,68.4,2.5,243.8016
ISR,2011,81.7,3,7.7658
RUS,2011,69.8,1.6,142.961
SVN,2011,80.1,1.6,2.052496
ZAF,2011,55.3,2.6,51.554
LVA,2011,73.7,1.3,2.06
AUS,2010,81.8,2,22.032
AUT,2010,80.7,1.4,8.361069
BEL,2010,80.3,1.8,10.92027
CAN,2010,81.1,1.6,34.12655
CZE,2010,77.7,1.5,10.51725
DNK,2010,79.3,1.9,5.547683
FIN,2010,80.2,1.9,5.363
FRA,2010,81.8,2,62.91779
DEU,2010,80.5,1.4,81.715
GRC,2010,80.7,1.5,11.153
HUN,2010,74.7,1.3,10
ISL,2010,82,2.2,0.318006
IRL,2010,80.8,2.1,4.5548
ITA,2010,82.1,1.4,59.41965
JPN,2010,82.9,1.4,128.057
KOR,2010,80.2,1.2,49.41037
LUX,2010,80.7,1.6,0.5021
MEX,2010,74.1,2.3,114.2556
NLD,2010,81,1.8,16.61539
NZL,2010,80.8,2.2,4.3507
NOR,2010,81.2,1.9,4.889
POL,2010,76.5,1.4,38.517
PRT,2010,80,1.4,10.5731
SVK,2010,75.6,1.4,5.391428
ESP,2010,82.4,1.4,46.56248
SWE,2010,81.6,2,9.378126
CHE,2010,82.6,1.5,7.82797
TUR,2010,74.3,2.1,73.14215
GBR,2010,80.6,1.9,61.91464
USA,2010,78.6,1.9,309.3471
BRA,2010,73.4,1.8,193.2526
CHL,2010,78,1.9,17.06614
CHN,2010,75,1.6,1359.822
EST,2010,75.9,1.7,1.331475
IND,2010,66.5,2.6,1205.625
IDN,2010,68.2,2.5,240.6765
ISR,2010,81.7,3,7.6236
RUS,2010,69,1.6,142.849
SVN,2010,79.8,1.6,2.049261
ZAF,2010,54.4,2.6,50.792
COL,2010,75.3,2,45.50959
LVA,2010,73,1.4,2.098
AUS,2009,81.6,2,21.692
AUT,2009,80.4,1.4,8.341483
BEL,2009,80.1,1.8,10.79649
CAN,2009,80.8,1.7,33.72691
CZE,2009,77.4,1.5,10.49149
DNK,2009,79,1.8,5.523095
FIN,2009,80.1,1.9,5.339
FRA,2009,81.5,2,62.61547
DEU,2009,80.3,1.4,81.904
GRC,2009,80.4,1.5,11.185
HUN,2009,74.4,1.3,10.023
ISL,2009,81.8,2.2,0.319246
IRL,2009,80.3,2.1,4.5334
ITA,2009,81.7,1.4,59.14009
JPN,2009,83,1.4,127.51
KOR,2009,80,1.1,49.18204
LUX,2009,80.7,1.6,0.4935
MEX,2009,74,2.3,112.8526
NLD,2009,80.8,1.8,16.53039
NZL,2009,80.7,2.1,4.3026
NOR,2009,81,2,4.828726
POL,2009,75.8,1.4,38.153
PRT,2009,79.7,1.4,10.56825
SVK,2009,75.3,1.4,5.386405
ESP,2009,81.9,1.4,46.36755
SWE,2009,81.5,1.9,9.298514
CHE,2009,82.3,1.5,7.743831
TUR,2009,74.1,2.1,72.0392
GBR,2009,80.4,1.9,61.42372
USA,2009,78.5,2,306.7715
BRA,2009,73.1,1.8,193.9951
CHL,2009,78.2,1.9,16.87677
CHN,2009,74.8,1.6,1351.248
EST,2009,75.2,1.7,1.334515
IND,2009,66.1,2.7,1190.138
IDN,2009,68,2.5,237.4869
ISR,2009,81.5,3,7.4856
RUS,2009,68.8,1.5,142.785
SVN,2009,79.3,1.5,2.042335
ZAF,2009,53.5,2.6,50.055
LVA,2009,72.6,1.5,2.142
AUS,2008,81.5,2,21.249
AUT,2008,80.5,1.4,8.321541
BEL,2008,79.8,1.9,10.70997
CAN,2008,80.6,1.7,33.31766
CZE,2008,77.3,1.5,10.42969
DNK,2008,78.8,1.9,5.493621
FIN,2008,79.9,1.9,5.313
FRA,2008,81.4,2,62.30029
DEU,2008,80.2,1.4,82.135
GRC,2008,80.3,1.5,11.186
HUN,2008,74.2,1.4,10.038
ISL,2008,81.7,2.1,0.319355
IRL,2008,80.2,2.1,4.4851
ITA,2008,81.6,1.4,58.73968
JPN,2008,82.7,1.4,127.692
KOR,2008,79.6,1.2,48.9487
LUX,2008,80.6,1.6,0.4838
MEX,2008,74.1,2.3,111.299
NLD,2008,80.5,1.8,16.44559
NZL,2008,80.5,2.2,4.2598
NOR,2008,80.8,2,4.768
POL,2008,75.7,1.4,38.116
PRT,2008,79.5,1.4,10.55818
SVK,2008,75,1.3,5.379232
ESP,2008,81.5,1.5,45.98317
SWE,2008,81.3,1.9,9.219637
CHE,2008,82.2,1.5,7.647675
TUR,2008,73.9,2.2,71.05168
GBR,2008,79.8,1.9,60.98238
USA,2008,78.1,2.1,304.094
BRA,2008,72.8,1.9,191.9998
CHL,2008,78.1,1.9,16.68685
CHN,2008,74.6,1.6,1342.733
EST,2008,74.2,1.7,1.33709
IND,2008,65.7,2.7,1174.662
IDN,2008,67.8,2.5,234.2435
ISR,2008,81,3,7.3088
RUS,2008,68.1,1.5,142.742
SVN,2008,79.1,1.5,2.022629
ZAF,2008,52.7,2.6,49.345
LVA,2008,72,1.6,2.177
AUS,2007,81.4,2,20.828
AUT,2007,80.3,1.4,8.295189
BEL,2007,79.9,1.8,10.6257
CAN,2007,80.4,1.7,32.92752
CZE,2007,77,1.4,10.32269
DNK,2007,78.4,1.8,5.461438
FIN,2007,79.6,1.8,5.289
FRA,2007,81.2,2,61.96505
DEU,2007,80.1,1.4,82.257
GRC,2007,79.7,1.4,11.163
HUN,2007,73.6,1.3,10.056
ISL,2007,81.5,2.1,0.311396
IRL,2007,79.7,2,4.3758
ITA,2007,81.5,1.4,58.27189
JPN,2007,82.6,1.3,127.771
KOR,2007,79.2,1.3,48.59765
LUX,2007,79.5,1.6,0.4762
MEX,2007,74.2,2.4,109.7874
NLD,2007,80.3,1.7,16.3817
NZL,2007,80.3,2.2,4.2238
NOR,2007,80.6,1.9,4.709
POL,2007,75.4,1.3,38.116
PRT,2007,79.2,1.4,10.54296
SVK,2007,74.5,1.3,5.374622
ESP,2007,81.2,1.4,45.236
SWE,2007,81.1,1.9,9.148092
CHE,2007,82,1.5,7.551117
TUR,2007,73.7,2.2,70.15811
GBR,2007,79.7,1.9,60.48182
USA,2007,78.1,2.1,301.2312
BRA,2007,72.5,1.9,189.9539
CHL,2007,77.5,1.9,16.50487
CHN,2007,74.4,1.6,1334.344
EST,2007,73.2,1.7,1.34068
IND,2007,65.3,2.8,1159.095
IDN,2007,67.6,2.5,230.9728
ISR,2007,80.6,2.9,7.1801
RUS,2007,67.7,1.4,142.805
SVN,2007,78.3,1.4,2.019406
ZAF,2007,52,2.6,48.658
LVA,2007,70.8,1.5,2.2
AUS,2006,81.1,1.9,20.451
AUT,2006,80,1.4,8.267948
BEL,2006,79.5,1.8,10.54796
CAN,2006,80.3,1.6,32.57607
CZE,2006,76.7,1.3,10.26665
DNK,2006,78.4,1.8,5.437271
FIN,2006,79.5,1.8,5.267
FRA,2006,81,2,61.59748
DEU,2006,79.8,1.3,82.369
GRC,2006,79.9,1.4,11.131
HUN,2006,73.5,1.4,10.071
ISL,2006,81.2,2.1,0.304334
IRL,2006,79.3,1.9,4.2329
ITA,2006,81.4,1.4,57.98418
JPN,2006,82.4,1.3,127.77
KOR,2006,78.8,1.1,48.37195
LUX,2006,79.4,1.6,0.4691
MEX,2006,74.1,2.4,108.4088
NLD,2006,79.9,1.7,16.3461
NZL,2006,80.1,2,4.1846
NOR,2006,80.6,1.9,4.661
POL,2006,75.3,1.3,38.132
PRT,2006,79,1.4,10.52229
SVK,2006,74.4,1.2,5.373054
ESP,2006,81.1,1.4,44.36052
SWE,2006,81,1.9,9.080504
CHE,2006,81.7,1.4,7.483934
TUR,2006,73.4,2.1,69.29525
GBR,2006,79.5,1.8,60.00257
USA,2006,77.8,2.1,298.3799
BRA,2006,72.2,1.9,187.8518
CHL,2006,78,1.8,16.33217
CHN,2006,74.1,1.6,1326.146
EST,2006,73.1,1.6,1.34681
IND,2006,64.9,2.9,1143.289
IDN,2006,67.4,2.5,227.7098
ISR,2006,80.6,2.9,7.0537
RUS,2006,66.9,1.3,143.05
SVN,2006,78.3,1.3,2.008516
ZAF,2006,51.6,2.7,47.991
LVA,2006,70.6,1.5,2.218
AUS,2005,80.9,1.8,20.177
AUT,2005,79.4,1.4,8.225278
BEL,2005,79.1,1.7,10.47862
CAN,2005,80,1.5,32.24521
CZE,2005,76.1,1.3,10.23409
DNK,2005,78.3,1.8,5.419432
FIN,2005,79.1,1.8,5.246
FRA,2005,80.4,1.9,61.1815
DEU,2005,79.4,1.3,82.465
GRC,2005,79.7,1.3,11.093
HUN,2005,73,1.3,10.087
ISL,2005,81.6,2.1,0.295864
IRL,2005,79,1.9,4.1338
ITA,2005,80.9,1.3,57.71593
JPN,2005,82,1.3,127.768
KOR,2005,78.2,1.1,48.13808
LUX,2005,79.5,1.6,0.4612
MEX,2005,74,2.5,107.151
NLD,2005,79.5,1.7,16.31987
NZL,2005,79.8,2,4.1339
NOR,2005,80.3,1.8,4.623291
POL,2005,75.1,1.2,38.161
PRT,2005,78.2,1.4,10.50333
SVK,2005,74.2,1.3,5.372806
ESP,2005,80.3,1.3,43.66261
SWE,2005,80.7,1.8,9.029572
CHE,2005,81.4,1.4,7.437115
TUR,2005,73.1,2.1,68.43538
GBR,2005,79.2,1.8,59.59104
USA,2005,77.6,2.1,295.5166
BRA,2005,71.9,2,185.6514
CHL,2005,77.6,1.8,16.16532
CHN,2005,73.8,1.6,1318.177
EST,2005,72.9,1.5,1.354775
IND,2005,64.5,3,1127.144
IDN,2005,67.2,2.5,224.4809
ISR,2005,80.2,2.8,6.9301
RUS,2005,65.7,1.3,143.519
SVN,2005,77.4,1.3,2.001114
ZAF,2005,51.6,2.7,47.35
COL,2005,74.1,2.2,42.88859
LVA,2005,70.6,1.4,2.239
AUS,2004,80.6,1.8,19.933
AUT,2004,79.3,1.4,8.169441
BEL,2004,79,1.7,10.42114
CAN,2004,79.8,1.5,31.94068
CZE,2004,75.8,1.2,10.20692
DNK,2004,77.8,1.8,5.404522
FIN,2004,79,1.8,5.228
FRA,2004,80.3,1.9,60.73434
DEU,2004,79.2,1.4,82.491
GRC,2004,79.4,1.3,11.057
HUN,2004,73,1.3,10.107
ISL,2004,81.1,2,0.292587
IRL,2004,78.6,2,4.0452
ITA,2004,80.9,1.3,57.29746
JPN,2004,82.1,1.3,127.687
KOR,2004,77.8,1.2,48.03941
LUX,2004,79.2,1.7,0.455
MEX,2004,73.9,2.5,103.0019
NLD,2004,79.2,1.7,16.28178
NZL,2004,79.6,2,4.0875
NOR,2004,80.1,1.8,4.59191
POL,2004,74.9,1.2,38.18
PRT,2004,78.4,1.4,10.48386
SVK,2004,74.2,1.2,5.37228
ESP,2004,80.4,1.3,42.85917
SWE,2004,80.6,1.8,8.993531
CHE,2004,81.2,1.4,7.389625
TUR,2004,72.7,2.1,67.59873
GBR,2004,79,1.8,59.14912
USA,2004,77.6,2,292.8053
BRA,2004,71.6,2,183.4393
CHL,2004,77.2,1.9,16.00167
CHN,2004,73.5,1.6,1310.414
EST,2004,72.4,1.5,1.36255
IND,2004,64.2,3,1110.626
IDN,2004,67,2.5,221.2938
ISR,2004,80.2,2.9,6.809
RUS,2004,65.6,1.3,144.067
SVN,2004,77.2,1.3,1.997004
ZAF,2004,51.9,2.7,46.727
LVA,2004,70.8,1.3,2.263
AUS,2003,80.3,1.8,19.721
AUT,2003,78.7,1.4,8.118245
BEL,2003,78.2,1.6,10.37613
CAN,2003,79.6,1.5,31.63967
CZE,2003,75.3,1.2,10.20165
DNK,2003,77.4,1.8,5.390574
FIN,2003,78.5,1.8,5.213
FRA,2003,79.3,1.9,60.30363
DEU,2003,78.6,1.3,82.502
GRC,2003,79.3,1.3,11.016
HUN,2003,72.6,1.3,10.13
ISL,2003,81,2,0.289272
IRL,2003,78.2,2,3.9799
ITA,2003,80.1,1.3,57.478
JPN,2003,81.8,1.3,127.619
KOR,2003,77.3,1.2,47.85931
LUX,2003,77.8,1.6,0.45
MEX,2003,73.8,2.5,101.9996
NLD,2003,78.7,1.7,16.2253
NZL,2003,79.3,1.9,4.0272
NOR,2003,79.6,1.8,4.564
POL,2003,74.7,1.2,38.195
PRT,2003,77.5,1.4,10.45882
SVK,2003,73.8,1.2,5.373374
ESP,2003,79.7,1.3,42.19623
SWE,2003,80.3,1.7,8.958229
CHE,2003,80.6,1.4,7.339
TUR,2003,72.3,2.1,66.79455
GBR,2003,78.4,1.7,58.83895
USA,2003,77.1,2,290.1079
BRA,2003,71.3,2.1,177.3603
CHL,2003,77.2,1.9,15.83784
CHN,2003,73.1,1.5,1302.81
EST,2003,71.8,1.4,1.37072
IND,2003,63.8,3.1,1093.787
IDN,2003,66.8,2.5,218.1456
ISR,2003,79.7,3,6.6897
RUS,2003,65.2,1.3,144.649
SVN,2003,76.4,1.2,1.996773
ZAF,2003,52.6,2.7,46.127
LVA,2003,70.5,1.3,2.288
AUS,2002,80,1.8,19.495
AUT,2002,78.8,1.4,8.082121
BEL,2002,78.2,1.6,10.33278
CAN,2002,79.4,1.5,31.35366
CZE,2002,75.4,1.2,10.20077
DNK,2002,77.1,1.7,5.375931
FIN,2002,78.3,1.7,5.201
FRA,2002,79.4,1.9,59.89387
DEU,2002,78.5,1.3,82.456
GRC,2002,79.2,1.3,10.983
HUN,2002,72.5,1.3,10.159
ISL,2002,80.6,1.9,0.287559
IRL,2002,77.7,2,3.9172
ITA,2002,80.3,1.3,57.474
JPN,2002,81.8,1.3,127.435
KOR,2002,76.8,1.2,47.62218
LUX,2002,78.1,1.6,0.4462
MEX,2002,73.6,2.6,100.9094
NLD,2002,78.4,1.7,16.14893
NZL,2002,79,1.9,3.9485
NOR,2002,79,1.8,4.538
POL,2002,74.6,1.2,38.232
PRT,2002,77.4,1.5,10.41963
SVK,2002,73.8,1.2,5.376912
ESP,2002,79.9,1.3,41.42352
SWE,2002,79.9,1.7,8.924958
CHE,2002,80.6,1.4,7.284754
TUR,2002,71.9,2.2,66.00251
GBR,2002,78.3,1.6,58.56963
USA,2002,77,2,287.6252
BRA,2002,70.9,2.2,175.0766
CHL,2002,77.2,1.9,15.66827
CHN,2002,72.7,1.5,1295.322
EST,2002,71.4,1.4,1.37935
IND,2002,63.4,3.2,1076.706
IDN,2002,66.7,2.5,215.0383
ISR,2002,79.5,2.9,6.57
RUS,2002,65.3,1.3,145.306
SVN,2002,76.6,1.2,1.995718
ZAF,2002,53.5,2.8,45.545
LVA,2002,70.1,1.3,2.31
AUS,2001,79.7,1.7,19.275
AUT,2001,78.7,1.3,8.042293
BEL,2001,78.1,1.6,10.28657
CAN,2001,79.2,1.5,31.01902
CZE,2001,75.3,1.1,10.22419
DNK,2001,77,1.7,5.358783
FIN,2001,78.2,1.7,5.188
FRA,2001,79.3,1.9,59.47623
DEU,2001,78.5,1.3,82.277
GRC,2001,79.1,1.3,10.95
HUN,2001,72.5,1.3,10.188
ISL,2001,80.8,1.9,0.285054
IRL,2001,77.2,2,3.8472
ITA,2001,80.2,1.3,57.348
JPN,2001,81.5,1.3,127.291
KOR,2001,76.5,1.3,47.35736
LUX,2001,77.9,1.7,0.4415
MEX,2001,73.5,2.6,99.71552
NLD,2001,78.3,1.7,16.04618
NZL,2001,78.7,2,3.8805
NOR,2001,78.9,1.8,4.514
POL,2001,74.2,1.3,38.251
PRT,2001,77.2,1.5,10.36272
SVK,2001,73.6,1.2,5.378867
ESP,2001,79.8,1.2,40.76605
SWE,2001,79.9,1.6,8.89596
CHE,2001,80.4,1.4,7.226647
TUR,2001,71.5,2.4,65.16633
GBR,2001,78.2,1.6,59.113
USA,2001,76.9,2,284.969
BRA,2001,70.6,2.2,172.7424
CHL,2001,76.8,2,15.57168
CHN,2001,72.2,1.5,1287.891
EST,2001,70.9,1.3,1.388115
IND,2001,63,3.2,1059.501
IDN,2001,66.5,2.5,211.9704
ISR,2001,79.3,2.9,6.439
RUS,2001,65.5,1.2,145.976
SVN,2001,76.4,1.2,1.992035
ZAF,2001,54.6,2.8,44.56
AUS,2000,79.3,1.8,19.029
AUT,2000,78.2,1.4,8.011566
BEL,2000,77.8,1.6,10.25125
CAN,2000,79,1.5,30.68573
CZE,2000,75.1,1.1,10.2725
DNK,2000,76.9,1.8,5.339616
FIN,2000,77.7,1.7,5.176
FRA,2000,79.2,1.9,59.06239
DEU,2000,78.2,1.4,82.16
GRC,2000,78.6,1.3,10.91748
HUN,2000,71.9,1.3,10.211
ISL,2000,79.7,2.1,0.2812
IRL,2000,76.6,1.9,3.7895
ITA,2000,79.9,1.3,57.189
JPN,2000,81.2,1.4,126.926
KOR,2000,76,1.5,47.00811
LUX,2000,78,1.8,0.4363
MEX,2000,73.3,2.6,98.43855
NLD,2000,78.2,1.7,15.92551
NZL,2000,78.4,2,3.8577
NOR,2000,78.8,1.9,4.491
POL,2000,73.8,1.4,38.256
PRT,2000,76.9,1.6,10.2899
SVK,2000,73.4,1.3,5.38872
ESP,2000,79.3,1.2,40.55439
SWE,2000,79.7,1.5,8.872109
CHE,2000,79.9,1.5,7.18425
TUR,2000,71.1,2.3,64.26875
GBR,2000,77.9,1.6,58.886
USA,2000,76.7,2.1,282.1624
BRA,2000,70.1,2.3,171.2799
CHL,2000,76.8,2.1,15.39778
CHN,2000,71.8,1.5,1280.429
EST,2000,71,1.4,1.396985
IND,2000,62.7,3.3,1042.262
IDN,2000,66.3,2.5,208.9387
ISR,2000,78.8,3,6.2892
RUS,2000,65.6,1.2,146.597
SVN,2000,76.1,1.3,1.990272
ZAF,2000,55.9,2.8,43.69
COL,2000,72.7,2.4,40.29556
AUS,1999,79,1.8,18.812
AUT,1999,78,1.3,7.992323
BEL,1999,77.7,1.6,10.22642
CAN,1999,78.7,1.5,30.40129
CZE,1999,74.9,1.1,10.28278
DNK,1999,76.6,1.7,5.321798
FIN,1999,77.5,1.7,5.165
FRA,1999,78.9,1.8,58.67741
DEU,1999,77.9,1.4,82.024
GRC,1999,78.5,1.2,10.88258
HUN,1999,71.2,1.3,10.238
ISL,1999,79.4,2,0.2772
IRL,1999,76.2,1.9,3.7416
ITA,1999,79.5,1.2,57.078
JPN,1999,80.5,1.3,126.686
KOR,1999,75.5,1.4,46.61668
LUX,1999,77.9,1.7,0.430475
MEX,1999,73.2,2.7,97.11483
NLD,1999,77.9,1.7,15.81209
NZL,1999,78.1,2,3.8351
NOR,1999,78.4,1.8,4.462
POL,1999,73.2,1.4,38.27
PRT,1999,76.3,1.5,10.21783
SVK,1999,73.2,1.3,5.396019
ESP,1999,78.8,1.2,40.36967
SWE,1999,79.6,1.5,8.857874
CHE,1999,79.8,1.5,7.143991
TUR,1999,70.7,2.5,63.364
GBR,1999,77.5,1.7,58.684
USA,1999,76.7,2,279.0402
BRA,1999,69.7,2.4,168.7535
CHL,1999,76,2.1,15.19721
CHN,1999,71.3,1.5,1272.915
EST,1999,70.6,1.3,1.380619
IND,1999,62.2,3.4,1025.015
IDN,1999,66.1,2.5,205.9468
ISR,1999,78.5,2.9,6.1253
RUS,1999,66.1,1.2,147.215
SVN,1999,75.7,1.2,1.985557
ZAF,1999,57.2,2.9,43.054
AUS,1998,78.7,1.8,18.608
AUT,1998,77.8,1.4,7.976788
BEL,1998,77.6,1.6,10.20301
CAN,1998,78.5,1.5,30.15517
CZE,1998,74.7,1.2,10.29494
DNK,1998,76.5,1.7,5.304218
FIN,1998,77.3,1.7,5.153
FRA,1998,78.8,1.8,58.39779
DEU,1998,77.7,1.4,82.029
GRC,1998,78.4,1.2,10.83488
HUN,1998,71.1,1.3,10.267
ISL,1998,79.7,2,0.2738
IRL,1998,76.3,2,3.7031
ITA,1998,79.1,1.2,57.04037
JPN,1998,80.6,1.4,126.4864
KOR,1998,75.1,1.4,46.2865
LUX,1998,77.3,1.7,0.4247
MEX,1998,73,2.8,95.79013
NLD,1998,78,1.6,15.70721
NZL,1998,77.7,1.9,3.815
NOR,1998,78.5,1.8,4.431464
POL,1998,73.2,1.4,38.283
PRT,1998,76,1.5,10.1602
SVK,1998,72.8,1.4,5.390516
ESP,1998,78.9,1.2,40.21407
SWE,1998,79.5,1.5,8.850973
CHE,1998,79.6,1.5,7.110002
TUR,1998,70.3,2.6,62.464
GBR,1998,77.3,1.7,58.475
USA,1998,76.7,2,275.8541
BRA,1998,69.2,2.4,166.2521
CHL,1998,75.8,2.2,14.99665
CHN,1998,70.9,1.5,1265.223
EST,1998,69.7,1.3,1.386155
IND,1998,61.8,3.4,1007.747
IDN,1998,65.9,2.5,202.9909
ISR,1998,78.2,3,5.9707
RUS,1998,67.2,1.2,147.671
SVN,1998,75.3,1.2,1.982603
ZAF,1998,58.5,2.9,42.131
AUS,1997,78.5,1.8,18.423
AUT,1997,77.4,1.4,7.968041
BEL,1997,77.5,1.6,10.18125
CAN,1997,78.3,1.6,29.90595
CZE,1997,74.1,1.2,10.30364
DNK,1997,76.1,1.8,5.284991
FIN,1997,77.1,1.8,5.14
FRA,1997,78.6,1.7,58.20749
DEU,1997,77.3,1.4,82.052
GRC,1997,78.4,1.3,10.7765
HUN,1997,71.1,1.4,10.29
ISL,1997,79,2,0.2709
IRL,1997,76.1,1.9,3.6643
ITA,1997,78.9,1.2,56.94104
JPN,1997,80.5,1.4,126.166
KOR,1997,74.7,1.5,45.95358
LUX,1997,77,1.7,0.41945
MEX,1997,72.8,2.8,94.47805
NLD,1997,78,1.6,15.61065
NZL,1997,77.4,2,3.7813
NOR,1997,78.3,1.9,4.405157
POL,1997,72.8,1.5,38.292
PRT,1997,75.8,1.5,10.10898
SVK,1997,72.9,1.4,5.383291
ESP,1997,78.8,1.2,40.04997
SWE,1997,79.4,1.5,8.846062
CHE,1997,79.3,1.5,7.088906
TUR,1997,70.1,2.6,61.582
GBR,1997,77.2,1.7,58.314
USA,1997,76.5,2,272.6469
BRA,1997,68.7,2.5,163.7798
CHL,1997,75.7,2.2,14.79608
CHN,1997,70.6,1.5,1257.022
EST,1997,70.1,1.3,1.399535
IND,1997,61.4,3.5,990.4601
IDN,1997,65.6,2.6,200.0504
ISR,1997,78.1,2.9,5.8289
RUS,1997,66.8,1.2,147.915
SVN,1997,75.1,1.3,1.986848
ZAF,1997,59.7,3,41.227
AUS,1996,78.2,1.8,18.225
AUT,1996,77,1.4,7.959016
BEL,1996,77.3,1.6,10.15664
CAN,1996,78.1,1.6,29.61022
CZE,1996,74,1.2,10.31535
DNK,1996,75.7,1.8,5.263074
FIN,1996,76.9,1.8,5.125
FRA,1996,78.3,1.7,58.02599
DEU,1996,76.9,1.3,81.895
GRC,1996,78,1.3,10.70917
HUN,1996,70.7,1.5,10.311
ISL,1996,78.9,2.1,0.2689
IRL,1996,75.9,1.9,3.6261
ITA,1996,78.6,1.2,56.82645
JPN,1996,80.3,1.4,125.864
KOR,1996,74.2,1.6,45.52468
LUX,1996,76.8,1.8,0.414225
MEX,1996,72.5,2.9,93.13009
NLD,1996,77.6,1.5,15.5305
NZL,1996,77.1,2,3.732
NOR,1996,78.3,1.9,4.381335
POL,1996,72.4,1.5,38.289
PRT,1996,75.3,1.4,10.06394
SVK,1996,72.9,1.5,5.373361
ESP,1996,78.3,1.2,39.88425
SWE,1996,79.2,1.6,8.840997
CHE,1996,79.1,1.5,7.071851
TUR,1996,69.7,2.7,60.671
GBR,1996,76.9,1.7,58.164
USA,1996,76.1,2,269.3943
BRA,1996,68.2,2.5,161.3232
CHL,1996,75.2,2.3,14.5955
CHN,1996,70.2,1.6,1247.897
EST,1996,69.9,1.4,1.415594
IND,1996,60.9,3.6,973.1476
IDN,1996,65.3,2.6,197.0979
ISR,1996,78.2,2.9,5.6851
RUS,1996,66,1.3,148.16
SVN,1996,75.1,1.3,1.991169
ZAF,1996,60.7,3,40.342
AUS,1995,77.9,1.8,18.005
AUT,1995,76.8,1.4,7.948278
BEL,1995,77,1.5,10.13681
CAN,1995,77.9,1.6,29.30231
CZE,1995,73.3,1.3,10.33076
DNK,1995,75.3,1.8,5.233373
FIN,1995,76.6,1.8,5.108
FRA,1995,78.1,1.7,57.84425
DEU,1995,76.6,1.2,81.661
GRC,1995,77.8,1.3,10.63438
HUN,1995,70.1,1.6,10.329
ISL,1995,78.1,2.1,0.2674
IRL,1995,75.6,1.9,3.6013
ITA,1995,78.3,1.2,56.74459
JPN,1995,79.6,1.4,125.57
KOR,1995,73.8,1.6,45.09299
LUX,1995,76.8,1.7,0.408625
MEX,1995,72.3,3,91.72453
NLD,1995,77.6,1.5,15.45901
NZL,1995,76.8,2,3.6734
NOR,1995,77.9,1.9,4.358979
POL,1995,72.1,1.5,38.275
PRT,1995,75.4,1.4,10.02618
SVK,1995,72.5,1.5,5.361998
ESP,1995,78.1,1.2,39.71889
SWE,1995,79,1.7,8.826938
CHE,1995,78.7,1.5,7.040687
TUR,1995,69.3,2.8,59.756
GBR,1995,76.7,1.7,58.025
USA,1995,75.7,2,266.2784
BRA,1995,67.7,2.6,158.875
CHL,1995,74.8,2.4,14.39494
CHN,1995,70,1.6,1237.531
EST,1995,67.9,1.4,1.436633
IND,1995,60.5,3.7,955.8044
IDN,1995,65,2.7,194.1126
ISR,1995,77.5,2.9,5.5449
RUS,1995,64.9,1.3,148.376
SVN,1995,74.7,1.3,1.987505
ZAF,1995,61.5,3.1,39.477
COL,1995,71,2.7,37.47218
AUS,1994,78,1.8,17.805
AUT,1994,76.5,1.5,7.936117
BEL,1994,76.8,1.5,10.1156
CAN,1994,77.9,1.6,29.00066
CZE,1994,73.2,1.4,10.33616
DNK,1994,75.5,1.8,5.20618
FIN,1994,76.6,1.9,5.088
FRA,1994,78,1.7,57.65877
DEU,1994,76.4,1.2,81.422
GRC,1994,77.8,1.3,10.55304
HUN,1994,69.8,1.6,10.343
ISL,1994,79.3,2.1,0.266
IRL,1994,75.9,1.9,3.5859
ITA,1994,78,1.2,56.62339
JPN,1994,79.8,1.5,125.034
KOR,1994,73.5,1.7,44.64154
LUX,1994,76.6,1.7,0.402925
MEX,1994,72,3,90.26577
NLD,1994,77.5,1.6,15.38284
NZL,1994,76.6,2,3.62
NOR,1994,77.9,1.9,4.337
POL,1994,71.8,1.7,38.252
PRT,1994,75.5,1.4,9.991525
SVK,1994,72.5,1.7,5.346331
ESP,1994,78.1,1.2,39.54735
SWE,1994,78.9,1.9,8.780745
CHE,1994,78.6,1.5,6.993795
TUR,1994,68.9,2.8,58.837
GBR,1994,76.8,1.7,57.862
USA,1994,75.7,2,263.1258
BRA,1994,67.2,2.6,156.431
CHL,1994,75,2.4,14.15171
CHN,1994,69.7,1.7,1225.922
EST,1994,66.8,1.4,1.462513
IND,1994,60,3.7,938.4526
IDN,1994,64.7,2.8,191.0857
ISR,1994,77.5,2.9,5.3993
RUS,1994,64.3,1.4,148.408
SVN,1994,74,1.3,1.98885
ZAF,1994,62,3.2,38.631
AUS,1993,78,1.9,17.635
AUT,1993,76.2,1.5,7.905632
BEL,1993,76.5,1.6,10.08447
CAN,1993,77.8,1.7,28.68476
CZE,1993,72.9,1.7,10.33061
DNK,1993,75.2,1.8,5.188628
FIN,1993,75.8,1.8,5.066
FRA,1993,77.6,1.7,57.46709
DEU,1993,76.1,1.3,81.179
GRC,1993,77.6,1.3,10.46553
HUN,1993,69.4,1.7,10.358
ISL,1993,79,2.2,0.2638
IRL,1993,75.3,1.9,3.5741
ITA,1993,77.8,1.3,56.44193
JPN,1993,79.4,1.5,124.764
KOR,1993,73.1,1.7,44.19463
LUX,1993,75.9,1.7,0.397475
MEX,1993,71.7,3.1,88.75202
NLD,1993,77.1,1.6,15.29037
NZL,1993,76.3,2,3.5722
NOR,1993,77.3,1.9,4.312
POL,1993,71.6,1.8,38.221
PRT,1993,74.6,1.5,9.964674
SVK,1993,72.1,1.9,5.325305
ESP,1993,77.7,1.3,39.35608
SWE,1993,78.2,2,8.718561
CHE,1993,78.4,1.5,6.938265
TUR,1993,68.5,2.9,57.913
GBR,1993,76.2,1.8,57.714
USA,1993,75.5,2,259.9186
BRA,1993,66.7,2.7,153.9856
CHL,1993,74.5,2.5,13.90847
CHN,1993,69.6,1.9,1213.104
EST,1993,68.2,1.5,1.494127
IND,1993,59.5,3.8,921.1076
IDN,1993,64.4,2.8,188.0193
ISR,1993,77.2,2.9,5.2614
RUS,1993,65.3,1.4,148.459
SVN,1993,73.5,1.3,1.990623
ZAF,1993,62.3,3.3,37.802
AUS,1992,77.5,1.9,17.479
AUT,1992,75.9,1.5,7.840709
BEL,1992,76.5,1.6,10.04516
CAN,1992,77.7,1.7,28.37126
CZE,1992,72.5,1.7,10.31781
DNK,1992,75.3,1.8,5.17137
FIN,1992,75.7,1.9,5.042
FRA,1992,77.5,1.7,57.23985
DEU,1992,76,1.3,80.595
GRC,1992,77.2,1.4,10.36987
HUN,1992,69.4,1.8,10.369
ISL,1992,78.8,2.2,0.2611
IRL,1992,75.5,2,3.5545
ITA,1992,77.5,1.3,56.859
JPN,1992,79.2,1.5,124.452
KOR,1992,72.6,1.8,43.74796
LUX,1992,75.3,1.7,0.392175
MEX,1992,71.3,3.2,87.18483
NLD,1992,77.4,1.6,15.18417
NZL,1992,76.1,2.1,3.5317
NOR,1992,77.4,1.9,4.287
POL,1992,71.1,1.9,38.173
PRT,1992,74.7,1.5,9.952493
SVK,1992,71.6,2,5.305016
ESP,1992,77.6,1.3,39.14794
SWE,1992,78.2,2.1,8.668066
CHE,1992,78,1.6,6.875364
TUR,1992,68.2,2.9,56.986
GBR,1992,76.3,1.8,57.585
USA,1992,75.7,2,256.5142
BRA,1992,66.3,2.8,151.5468
CHL,1992,74.5,2.6,13.66524
CHN,1992,69.4,2,1198.875
EST,1992,69.1,1.7,1.53309
IND,1992,59,3.9,903.7496
IDN,1992,64,2.9,184.9168
ISR,1992,76.6,2.9,5.1235
RUS,1992,67.8,1.5,148.538
SVN,1992,73.6,1.3,1.995832
ZAF,1992,62.4,3.4,36.992
AUS,1991,77.4,1.8,17.28404
AUT,1991,75.7,1.5,7.75489
BEL,1991,76.3,1.7,10.00449
CAN,1991,77.5,1.7,28.03742
CZE,1991,72,1.9,10.30868
DNK,1991,75.3,1.7,5.154297
FIN,1991,75.5,1.8,5.014
FRA,1991,77.2,1.8,56.9756
DEU,1991,75.5,1.3,79.984
GRC,1991,77.3,1.4,10.25629
HUN,1991,69.6,1.9,10.373
ISL,1991,78.1,2.2,0.258
IRL,1991,75.1,2.1,3.5257
ITA,1991,77.1,1.3,56.76
JPN,1991,79.1,1.5,124.043
KOR,1991,72.2,1.7,43.2957
LUX,1991,75.7,1.6,0.387
MEX,1991,70.9,3.3,85.58334
NLD,1991,77.2,1.6,15.0698
NZL,1991,75.8,2.1,3.4951
NOR,1991,77.1,1.9,4.262
POL,1991,70.5,2,38.109
PRT,1991,74.1,1.6,9.960235
SVK,1991,71.2,2,5.303294
ESP,1991,77.1,1.3,38.94162
SWE,1991,77.9,2.1,8.617375
CHE,1991,77.8,1.6,6.799979
TUR,1991,67.8,3,56.055
GBR,1991,75.9,1.8,57.439
USA,1991,75.5,2.1,252.9809
BRA,1991,65.8,2.8,149.0943
CHL,1991,74,2.6,13.42201
CHN,1991,69.2,2.2,1183.008
EST,1991,69.7,1.8,1.561313
IND,1991,58.4,4,886.3487
IDN,1991,63.7,3,181.7863
ISR,1991,76.8,2.9,4.9491
RUS,1991,68.8,1.7,148.394
SVN,1991,73.5,1.4,2.001768
ZAF,1991,62.4,3.5,36.199
AUS,1990,77,1.9,17.06513
AUT,1990,75.7,1.5,7.67785
BEL,1990,76.1,1.6,9.967378
CAN,1990,77.2,1.7,27.69114
CZE,1990,71.6,1.9,10.36274
DNK,1990,74.9,1.7,5.140939
FIN,1990,75,1.8,4.986
FRA,1990,77,1.8,56.70883
DEU,1990,75.3,1.5,63.254
GRC,1990,77.1,1.4,10.1569
HUN,1990,69.5,1.8,10.374
ISL,1990,78.1,2.3,0.2548
IRL,1990,74.9,2.1,3.5058
ITA,1990,77.1,1.4,56.737
JPN,1990,78.9,1.5,123.611
KOR,1990,71.7,1.6,42.86928
LUX,1990,75.6,1.6,0.38185
MEX,1990,70.5,3.4,83.97102
NLD,1990,77,1.6,14.95151
NZL,1990,75.5,2.2,3.363
NOR,1990,76.7,1.9,4.241
POL,1990,70.8,2,38.031
PRT,1990,74.1,1.6,9.983218
SVK,1990,71.2,2.1,5.299187
ESP,1990,77,1.4,38.86083
SWE,1990,77.7,2.1,8.558834
CHE,1990,77.5,1.6,6.712273
TUR,1990,67.5,3.1,55.12
GBR,1990,75.7,1.8,57.237
USA,1990,75.3,2.1,249.6228
BRA,1990,65.4,2.9,146.5926
CHL,1990,72.9,2.6,13.17878
CHN,1990,69.1,2.4,1165.429
EST,1990,69.8,2.1,1.569174
IND,1990,58,4,868.8907
IDN,1990,63.3,3.1,178.6332
ISR,1990,76.7,3,4.6602
RUS,1990,69,1.9,147.969
SVN,1990,73.8,1.5,1.99809
COL,1990,69.4,3,34.13002
AUS,1989,76.5,1.8,16.81442
AUT,1989,75.4,1.4,7.619566
BEL,1989,75.7,1.6,9.937697
CAN,1989,77,1.7,27.277
CZE,1989,71.9,1.9,10.36226
DNK,1989,75,1.6,5.132593
FIN,1989,75,1.7,4.964
FRA,1989,76.7,1.8,56.42341
DEU,1989,75.4,1.4,62.063
GRC,1989,77,1.4,10.0895
HUN,1989,69.6,1.8,10.578
ISL,1989,78.2,2.2,0.2527
IRL,1989,74.5,2.1,3.5095
ITA,1989,76.9,1.3,56.837
JPN,1989,78.8,1.6,123.255
KOR,1989,71.2,1.6,42.44904
LUX,1989,74.8,1.5,0.3771
MEX,1989,70.8,3.5,82.35509
NLD,1989,76.9,1.6,14.84891
NZL,1989,75.2,2.1,3.33
NOR,1989,76.7,1.9,4.227
POL,1989,71.2,2.1,37.937
PRT,1989,74.4,1.6,10.005
SVK,1989,71.3,2.1,5.275941
ESP,1989,77,1.4,38.82138
SWE,1989,77.8,2,8.492963
CHE,1989,77.7,1.6,6.646912
TUR,1989,65.7,3.4,54.192
GBR,1989,75.4,1.8,57.076
USA,1989,75.1,2,246.8192
BRA,1989,65.1,3,143.9973
CHN,1989,68.9,2.5,1145.942
EST,1989,70.3,2.2,1.56813
IND,1989,57.5,4.1,850.8645
IDN,1989,62.9,3.2,175.4543
ISR,1989,76.4,3,4.5182
RUS,1989,69.3,2,147.332
SVN,1989,73.4,1.5,1.999404
COL,1989,68.3,3.1,33.44691
AUS,1988,76.3,1.8,16.53216
AUT,1988,75.3,1.4,7.585317
BEL,1988,75.7,1.6,9.901664
CAN,1988,76.8,1.6,26.792
CZE,1988,71.8,1.9,10.35636
DNK,1988,75,1.6,5.129516
FIN,1988,74.8,1.7,4.947
FRA,1988,76.6,1.8,56.11798
DEU,1988,75.2,1.5,61.45
GRC,1988,76.8,1.5,10.03698
HUN,1988,70.2,1.8,10.596
ISL,1988,77.2,2.3,0.2499
IRL,1988,74.5,2.2,3.5307
ITA,1988,76.5,1.4,56.763
JPN,1988,78.4,1.7,122.783
KOR,1988,70.7,1.6,42.03125
LUX,1988,75,1.5,0.37345
MEX,1988,70.6,3.6,80.73296
NLD,1988,77.1,1.5,14.76009
NZL,1988,74.8,2.1,3.317
NOR,1988,76.4,1.8,4.209
POL,1988,71.5,2.1,37.862
PRT,1988,73.8,1.6,10.01961
SVK,1988,71.5,2.1,5.250596
ESP,1988,76.9,1.5,38.76431
SWE,1988,77.1,2,8.436488
CHE,1988,77.5,1.6,6.593387
TUR,1988,65.2,3.3,53.268
GBR,1988,75.3,1.8,56.916
USA,1988,74.9,1.9,244.499
BRA,1988,64.7,3.1,141.313
CHN,1988,68.8,2.6,1124.793
EST,1988,70.8,2.3,1.561899
IND,1988,57,4.2,833.2754
IDN,1988,62.6,3.3,172.2445
ISR,1988,75.7,3.1,4.4417
RUS,1988,69.6,2.1,146.494
SVN,1988,73,1.6,1.999988
COL,1988,68.1,3.1,32.76711
AUS,1987,76.3,1.8,16.26387
AUT,1987,74.9,1.4,7.574585
BEL,1987,75.5,1.5,9.870233
CAN,1987,76.6,1.6,26.447
CZE,1987,71.6,1.9,10.34883
DNK,1987,74.9,1.5,5.127024
FIN,1987,74.8,1.6,4.932
FRA,1987,76.3,1.8,55.82396
DEU,1987,75,1.4,61.077
GRC,1987,76.3,1.5,10.00059
HUN,1987,69.8,1.8,10.613
ISL,1987,77.4,2.1,0.246
IRL,1987,74.5,2.3,3.5465
ITA,1987,76.3,1.4,56.664
JPN,1987,78.5,1.7,122.264
KOR,1987,70.1,1.5,41.62169
LUX,1987,74.3,1.4,0.37075
MEX,1987,70.2,3.7,79.10466
NLD,1987,76.9,1.6,14.66504
NZL,1987,74.5,2,3.304
NOR,1987,76.3,1.7,4.187
POL,1987,71.5,2.2,37.664
PRT,1987,73.8,1.6,10.03003
SVK,1987,71.4,2.1,5.22284
ESP,1987,76.9,1.5,38.68232
SWE,1987,77.3,1.8,8.397804
CHE,1987,77.5,1.5,6.545107
TUR,1987,64.4,3.4,52.37
GBR,1987,75.2,1.8,56.804
USA,1987,74.9,1.9,242.2889
BRA,1987,64.3,3.2,138.5859
CHN,1987,68.6,2.7,1103.076
EST,1987,70.7,2.3,1.55222
IND,1987,56.6,4.3,815.7924
IDN,1987,62.3,3.5,169.0188
ISR,1987,75.3,3.1,4.3689
RUS,1987,69.6,2.2,145.461
SVN,1987,72.4,1.6,1.989462
COL,1987,68,3.2,32.09697
AUS,1986,76.1,1.9,16.01835
AUT,1986,74.4,1.4,7.569794
BEL,1986,74.8,1.5,9.861823
CAN,1986,76.5,1.6,26.1
CZE,1986,71.1,1.9,10.34074
DNK,1986,74.8,1.5,5.120534
FIN,1986,74.8,1.6,4.918
FRA,1986,75.7,1.8,55.54651
DEU,1986,74.6,1.4,61.066
GRC,1986,76.5,1.6,9.967213
HUN,1986,69.3,1.8,10.631
ISL,1986,78.1,1.9,0.2432
IRL,1986,73.6,2.4,3.5406
ITA,1986,75.9,1.4,56.576
JPN,1986,78.1,1.7,121.672
KOR,1986,69.5,1.6,41.21368
LUX,1986,74.7,1.4,0.368355
MEX,1986,69.9,3.8,77.46854
NLD,1986,76.4,1.6,14.57228
NZL,1986,74.1,2,3.277
NOR,1986,76.5,1.7,4.169
POL,1986,71,2.2,37.456
PRT,1986,73.4,1.7,10.03273
SVK,1986,71.2,2.2,5.193837
ESP,1986,76.7,1.6,38.57194
SWE,1986,77.1,1.8,8.369829
CHE,1986,77.1,1.5,6.504125
TUR,1986,63.2,3.6,51.48
GBR,1986,74.8,1.8,56.684
USA,1986,74.7,1.8,240.1329
BRA,1986,64,3.4,135.8143
CHN,1986,68.4,2.7,1082.005
EST,1986,70.7,2.2,1.54019
IND,1986,56.2,4.4,798.4903
IDN,1986,61.9,3.6,165.7661
ISR,1986,75,3.1,4.2988
RUS,1986,69.5,2.1,144.23
SVN,1986,72.4,1.7,1.980718
COL,1986,67.9,3.3,31.44
AUS,1985,75.6,1.9,15.78831
AUT,1985,73.9,1.5,7.564984
BEL,1985,74.6,1.5,9.858308
CAN,1985,76.3,1.6,25.842
CZE,1985,71.2,2,10.33674
DNK,1985,74.6,1.4,5.11369
FIN,1985,74.5,1.6,4.902
FRA,1985,75.4,1.8,55.28427
DEU,1985,74.4,1.4,61.024
GRC,1985,76,1.7,9.9343
HUN,1985,69.2,1.8,10.649
ISL,1985,77.7,1.9,0.2414
IRL,1985,73.4,2.5,3.54
ITA,1985,75.6,1.4,56.498
JPN,1985,77.6,1.8,121.049
KOR,1985,68.9,1.7,40.80574
LUX,1985,73.8,1.4,0.366706
MEX,1985,69.5,3.9,75.82015
NLD,1985,76.5,1.5,14.49163
NZL,1985,74,1.9,3.272
NOR,1985,76.1,1.7,4.153
POL,1985,71.1,2.3,37.203
PRT,1985,73,1.7,10.02361
SVK,1985,71,2.3,5.161767
ESP,1985,76.4,1.6,38.46702
SWE,1985,76.8,1.7,8.350386
CHE,1985,77,1.5,6.470366
TUR,1985,62.1,3.8,50.307
GBR,1985,74.7,1.8,56.554
USA,1985,74.7,1.8,237.9238
BRA,1985,63.6,3.5,132.9993
CHN,1985,68.2,2.7,1062.446
EST,1985,69.6,2.1,1.528781
IND,1985,55.9,4.5,781.4219
IDN,1985,61.6,3.7,162.4787
ISR,1985,75.3,3.1,4.233
RUS,1985,68,2.1,143.033
SVN,1985,71.9,1.7,1.94164
COL,1985,67.7,3.4,30.80222
AUS,1984,75.8,1.8,15.57939
AUT,1984,73.7,1.5,7.561434
BEL,1984,74.5,1.5,9.855372
CAN,1984,76.2,1.6,25.607
CZE,1984,71,2,10.33048
DNK,1984,74.8,1.4,5.111619
FIN,1984,74.8,1.7,4.882
FRA,1984,75.3,1.8,55.02608
DEU,1984,74.3,1.4,61.175
GRC,1984,76.2,1.8,9.895801
HUN,1984,69.2,1.7,10.668
ISL,1984,77.7,2.1,0.2395
ITA,1984,75,1.5,56.344
JPN,1984,77.4,1.8,120.235
KOR,1984,68.3,1.7,40.40596
LUX,1984,73.3,1.4,0.365998
MEX,1984,69.1,4,74.15733
NLD,1984,76.4,1.5,14.42421
NZL,1984,73.8,1.9,3.258
NOR,1984,76.4,1.7,4.14
POL,1984,70.9,2.4,36.914
PRT,1984,72.7,1.9,9.996232
SVK,1984,71,2.3,5.127097
ESP,1984,76.4,1.7,38.32524
SWE,1984,77,1.7,8.336605
CHE,1984,76.9,1.5,6.441865
TUR,1984,60.9,3.9,49.07
GBR,1984,74.5,1.8,56.409
USA,1984,74.7,1.8,235.8249
BRA,1984,63.3,3.6,130.0825
CHN,1984,67.9,2.6,1044.253
EST,1984,69.5,2.2,1.518616
IND,1984,55.5,4.6,764.3536
IDN,1984,61.2,3.9,159.0928
ISR,1984,74.9,3.1,4.1591
RUS,1984,67.3,2.1,142.6098
SVN,1984,71.4,1.8,1.932154
AUS,1983,75.5,1.9,15.39347
AUT,1983,73.1,1.6,7.56191
BEL,1983,74,1.6,9.85552
CAN,1983,75.9,1.6,25.366
CZE,1983,70.8,2,10.32282
DNK,1983,74.6,1.4,5.114297
FIN,1983,74.4,1.7,4.856
FRA,1983,74.8,1.8,54.77242
DEU,1983,73.8,1.4,61.423
GRC,1983,75.7,1.9,9.846627
HUN,1983,69.1,1.7,10.689
ISL,1983,77,2.2,0.237
ITA,1983,74.8,1.5,56.228
JPN,1983,77,1.8,119.483
KOR,1983,67.7,2.1,39.9104
LUX,1983,73.5,1.4,0.365622
MEX,1983,68.6,4.2,72.47754
NLD,1983,76.3,1.5,14.36707
NZL,1983,73.7,1.9,3.226
NOR,1983,76.3,1.7,4.128
POL,1983,71.1,2.4,36.571
PRT,1983,72.4,2,9.957865
SVK,1983,70.7,2.3,5.091971
ESP,1983,76,1.8,38.16026
SWE,1983,76.7,1.6,8.329032
CHE,1983,76.2,1.5,6.418774
TUR,1983,59.7,4.1,47.864
GBR,1983,74.3,1.8,56.316
USA,1983,74.6,1.8,233.792
BRA,1983,63,3.7,127.1404
CHN,1983,67.7,2.6,1027.641
EST,1983,69.6,2.2,1.508745
IND,1983,55.1,4.6,747.5671
IDN,1983,60.9,4,155.6807
ISR,1983,74.5,3.2,4.1061
RUS,1983,67.8,2,141.5939
SVN,1983,71,1.8,1.922322
AUS,1982,74.7,1.9,15.18425
AUT,1982,73.1,1.7,7.574139
BEL,1982,74,1.6,9.856303
CAN,1982,75.6,1.6,25.117
CZE,1982,70.9,2,10.31432
DNK,1982,74.7,1.4,5.11781
FIN,1982,74.6,1.7,4.827
FRA,1982,74.8,1.9,54.49249
DEU,1982,73.5,1.5,61.638
GRC,1982,75.9,2,9.789513
HUN,1982,69.5,1.8,10.706
ISL,1982,77.1,2.3,0.234
IRL,1982,72.9,3,3.48
ITA,1982,74.7,1.6,55.995
JPN,1982,76.9,1.8,118.693
KOR,1982,67.2,2.4,39.32635
LUX,1982,72.7,1.5,0.365525
MEX,1982,68.2,4.3,70.78277
NLD,1982,76.1,1.5,14.31269
NZL,1982,73.6,1.9,3.183
NOR,1982,76.2,1.7,4.115
POL,1982,71.2,2.3,36.227
PRT,1982,72.5,2.1,9.91177
SVK,1982,71,2.3,5.055098
ESP,1982,76.3,1.9,37.98711
SWE,1982,76.5,1.6,8.325263
CHE,1982,76.2,1.6,6.391309
TUR,1982,58.9,4.2,46.688
GBR,1982,74.1,1.8,56.291
USA,1982,74.5,1.8,231.6645
BRA,1982,62.7,3.9,124.2508
CHN,1982,67.3,2.6,1012.373
EST,1982,69.7,2.1,1.498414
IND,1982,54.7,4.7,731.0479
IDN,1982,60.5,4.2,152.2624
ISR,1982,74.2,3.1,4.0207
RUS,1982,67.9,2,140.5983
SVN,1982,71.2,1.9,1.910335
AUS,1981,74.9,1.9,14.92326
AUT,1981,72.9,1.7,7.56871
BEL,1981,73.7,1.7,9.858981
CAN,1981,75.5,1.7,24.82
CZE,1981,70.8,2,10.30321
DNK,1981,74.4,1.4,5.121572
FIN,1981,73.9,1.6,4.8
FRA,1981,74.5,1.9,54.18182
DEU,1981,73.2,1.5,61.682
GRC,1981,75.7,2.1,9.72935
HUN,1981,69.3,1.9,10.712
ISL,1981,76.6,2.3,0.2308
IRL,1981,72.9,3.1,3.4434
ITA,1981,74.3,1.6,55.774
JPN,1981,76.5,1.7,117.884
KOR,1981,66.7,2.6,38.72325
LUX,1981,72.6,1.6,0.365225
MEX,1981,67.7,4.5,69.08197
NLD,1981,76,1.6,14.24721
NZL,1981,73.4,2,3.157
NOR,1981,76.1,1.7,4.1
POL,1981,71.2,2.2,35.902
PRT,1981,71.7,2.1,9.851362
SVK,1981,70.9,2.3,5.016105
ESP,1981,75.7,2,37.76446
SWE,1981,76.2,1.6,8.320502
CHE,1981,75.9,1.5,6.354073
TUR,1981,58.5,4.4,45.54
GBR,1981,73.8,1.8,56.357
USA,1981,74.1,1.8,229.4657
BRA,1981,62.4,4,121.3813
CHN,1981,67,2.6,998.0024
EST,1981,69.1,2.1,1.487666
IND,1981,54.3,4.8,714.7706
IDN,1981,60.1,4.3,148.8656
ISR,1981,74.3,3.1,3.9498
RUS,1981,67.4,1.9,139.6195
AUS,1980,74.6,1.9,14.69536
AUT,1980,72.6,1.7,7.549432
BEL,1980,73.3,1.7,9.859242
CAN,1980,75.3,1.7,24.516
CZE,1980,70.5,2.1,10.32679
DNK,1980,74.3,1.5,5.123027
FIN,1980,73.6,1.6,4.779
FRA,1980,74.3,1.9,53.88001
DEU,1980,72.9,1.6,61.566
GRC,1980,75.3,2.2,9.642505
HUN,1980,69.2,1.9,10.711
ISL,1980,77,2.5,0.2281
IRL,1980,72.9,3.2,3.401
ITA,1980,74,1.7,55.657
JPN,1980,76.1,1.8,117.06
KOR,1980,66.1,2.8,38.12377
LUX,1980,72.8,1.5,0.36415
MEX,1980,67.2,4.7,67.38423
NLD,1980,75.9,1.6,14.1498
NZL,1980,73.2,2,3.144
NOR,1980,75.9,1.7,4.086
POL,1980,70.2,2.3,35.578
PRT,1980,71.4,2.2,9.766312
SVK,1980,70.6,2.3,4.979815
ESP,1980,75.4,2.2,37.52691
SWE,1980,75.9,1.7,8.31053
CHE,1980,75.7,1.6,6.319409
TUR,1980,58.1,4.6,44.439
GBR,1980,73.2,1.9,56.33
USA,1980,73.7,1.8,227.2247
BRA,1980,62.1,4.1,118.5625
CHN,1980,66.6,2.6,984.1217
EST,1980,69.3,2,1.477218
IND,1980,53.9,4.8,698.7208
IDN,1980,59.6,4.4,145.5103
ISR,1980,73.9,3.1,3.9217
RUS,1980,67.2,1.9,138.6554
AUS,1979,74.3,1.9,14.51573
AUT,1979,72.4,1.6,7.549424
BEL,1979,73.3,1.7,9.848382
CAN,1979,75.1,1.7,24.202
CZE,1979,70.9,2.3,10.29649
DNK,1979,74.4,1.6,5.116801
FIN,1979,73.2,1.6,4.765
FRA,1979,74.2,1.9,53.60623
DEU,1979,72.8,1.5,61.359
GRC,1979,75.5,2.3,9.548258
HUN,1979,69.7,2,10.711
IRL,1979,72.3,3.2,3.3682
ITA,1979,74.1,1.8,55.602
JPN,1979,76.2,1.8,116.133
KOR,1979,65.6,2.9,37.53423
LUX,1979,72.8,1.5,0.362855
MEX,1979,66.6,4.9,65.68927
NLD,1979,75.7,1.6,14.03827
NZL,1979,72.9,2.1,3.124
NOR,1979,75.8,1.8,4.073
POL,1979,70.9,2.3,35.257
PRT,1979,71.3,2.2,9.661265
SVK,1979,70.9,2.4,4.938972
ESP,1979,74.9,2.4,37.28901
SWE,1979,75.7,1.7,8.293677
CHE,1979,75.7,1.5,6.294364
TUR,1979,57.7,4.8,43.531
USA,1979,73.9,1.8,225.0555
BRA,1979,61.8,4.2,115.929
CHN,1979,66.1,2.8,970.4154
EST,1979,69.2,2,1.468333
IND,1979,53.4,4.9,682.699
IDN,1979,59.2,4.6,142.1493
ISR,1979,73.6,3.2,3.8363
RUS,1979,67.3,1.9,137.7131
AUS,1978,73.7,1.9,14.35925
AUT,1978,72.1,1.6,7.562304
BEL,1978,72.8,1.7,9.839533
CZE,1978,70.9,2.3,10.24569
DNK,1978,74.6,1.7,5.104248
FIN,1978,73,1.7,4.753
FRA,1978,73.9,1.8,53.37632
DEU,1978,72.4,1.5,61.327
GRC,1978,75.2,2.3,9.429959
HUN,1978,69.5,2.1,10.685
ISL,1978,76.7,2.3,0.2235
IRL,1978,71.5,3.2,3.314
ITA,1978,73.8,1.9,55.446
JPN,1978,75.7,1.8,115.174
KOR,1978,65.3,2.6,36.96918
LUX,1978,72.1,1.5,0.362007
MEX,1978,66.1,5.2,63.99456
NLD,1978,75.3,1.6,13.9417
NZL,1978,72.7,2.1,3.129
NOR,1978,75.8,1.8,4.059
POL,1978,70.4,2.2,35.01
PRT,1978,70.5,2.3,9.55825
SVK,1978,70.6,2.5,4.890124
ESP,1978,74.4,2.6,36.97147
SWE,1978,75.7,1.6,8.275598
CHE,1978,75.4,1.5,6.281737
TUR,1978,57.3,5.1,42.641
USA,1978,73.5,1.8,222.5845
BRA,1978,61.6,4.2,113.297
CHN,1978,65.6,2.9,957.1787
EST,1978,69.4,2,1.460188
IND,1978,52.8,5,666.9718
IDN,1978,58.7,4.7,138.8407
ISR,1978,73.3,3.3,3.7376
RUS,1978,67.5,1.9,136.8013
AUS,1977,73.4,2,14.19223
AUT,1977,72,1.6,7.56843
BEL,1977,72.9,1.7,9.830357
CZE,1977,70.8,2.3,10.18931
DNK,1977,74.9,1.7,5.088419
FIN,1977,72.4,1.7,4.739
FRA,1977,73.8,1.9,53.14529
DEU,1977,72.5,1.5,61.4
GRC,1977,74.7,2.3,9.308479
HUN,1977,70,2.2,10.648
ISL,1977,76.5,2.3,0.2218
ITA,1977,73.4,2,55.266
JPN,1977,75.3,1.8,114.154
KOR,1977,65,3,36.4118
LUX,1977,72.2,1.5,0.361357
MEX,1977,65.7,5.4,62.29748
NLD,1977,75.3,1.6,13.85618
NZL,1977,72.5,2.2,3.128
NOR,1977,75.7,1.8,4.043
POL,1977,70.5,2.2,34.698
PRT,1977,70.1,2.5,9.455675
SVK,1977,70.6,2.5,4.8405
ESP,1977,74.2,2.7,36.56384
SWE,1977,75.6,1.6,8.25154
CHE,1977,75.4,1.5,6.281175
TUR,1977,56.9,4.9,41.769
USA,1977,73.4,1.8,220.2394
BRA,1977,61.3,4.3,110.671
CHN,1977,65,3.2,943.7886
EST,1977,69.6,2.1,1.450211
IND,1977,52.3,5,651.5868
IDN,1977,58.3,4.8,135.5849
ISR,1977,73,3.5,3.6532
RUS,1977,67.5,2,135.9192
AUS,1976,72.8,2.1,14.03308
AUT,1976,71.7,1.7,7.565525
BEL,1976,72.2,1.7,9.818227
CAN,1976,73.9,1.8,23.45
CZE,1976,70.7,2.4,10.12822
DNK,1976,73.9,1.7,5.072596
FIN,1976,72,1.7,4.726
FRA,1976,73.2,1.8,52.90867
DEU,1976,71.8,1.5,61.531
GRC,1976,74.5,2.4,9.18815
HUN,1976,69.7,2.3,10.599
ISL,1976,77.1,2.5,0.2202
ITA,1976,72.8,2.1,55.07
JPN,1976,74.8,1.9,113.089
KOR,1976,64.6,3,35.84852
LUX,1976,70.8,1.5,0.360731
MEX,1976,65.2,5.7,60.60077
NLD,1976,74.7,1.6,13.77404
NZL,1976,72.3,2.3,3.116
NOR,1976,75.3,1.9,4.026
POL,1976,70.7,2.3,34.362
PRT,1976,69,2.6,9.35581
SVK,1976,70.6,2.5,4.789506
ESP,1976,73.7,2.8,36.11804
SWE,1976,75.1,1.7,8.222285
CHE,1976,74.9,1.5,6.302505
TUR,1976,56.5,5.2,40.916
USA,1976,73,1.7,218.0352
BRA,1976,61.1,4.4,108.054
CHN,1976,64.3,3.5,929.4601
EST,1976,69.5,2.1,1.439576
IND,1976,51.7,5.1,636.6017
IDN,1976,57.8,4.9,132.3799
ISR,1976,73,3.7,3.5754
RUS,1976,67.6,2,135.0639
AUS,1975,72.7,2.1,13.893
AUT,1975,71.2,1.8,7.578902
BEL,1975,72.1,1.7,9.8007
CZE,1975,70.6,2.4,10.06237
DNK,1975,74.2,1.9,5.059861
FIN,1975,71.7,1.7,4.712
FRA,1975,73,1.9,52.69917
DEU,1975,71.4,1.5,61.829
GRC,1975,74.5,2.3,9.04654
HUN,1975,69.4,2.4,10.541
ISL,1975,75.7,2.6,0.218
ITA,1975,72.7,2.2,54.764
JPN,1975,74.3,1.9,111.94
KOR,1975,64.3,3.4,35.28073
LUX,1975,70.8,1.6,0.35895
MEX,1975,64.7,5.9,58.9102
NLD,1975,74.6,1.7,13.66633
NZL,1975,72.1,2.4,3.087
NOR,1975,75.1,2,4.007
POL,1975,70.6,2.3,34.022
PRT,1975,68.4,2.6,9.09347
SVK,1975,70.5,2.5,4.739105
ESP,1975,73.4,2.8,35.68771
SWE,1975,75.2,1.8,8.192437
CHE,1975,74.8,1.6,6.338632
TUR,1975,56.1,5.3,40.026
USA,1975,72.7,1.8,215.9732
BRA,1975,60.9,4.5,105.45
CHN,1975,63.6,3.8,913.6462
EST,1975,69.9,2,1.429351
IND,1975,51.1,5.2,622.0544
IDN,1975,57.3,5,129.2241
ISR,1975,72.1,3.7,3.4932
RUS,1975,67.9,2,134.2325
AUS,1974,71.9,2.3,13.72257
AUT,1974,71.1,1.9,7.599038
BEL,1974,72.1,1.8,9.772419
CZE,1974,70.2,2.4,9.994761
DNK,1974,74,1.9,5.045297
FIN,1974,71.2,1.6,4.691
FRA,1974,72.8,2.1,52.46036
DEU,1974,71.5,1.5,62.054
GRC,1974,74.6,2.4,8.962021
HUN,1974,69.3,2.3,10.479
ISL,1974,74.6,2.7,0.2152
ITA,1974,72.6,2.3,54.39
JPN,1974,73.7,2.1,110.049
KOR,1974,63.9,3.8,34.69227
LUX,1974,70.8,1.6,0.35505
MEX,1974,64.2,6.2,57.2322
NLD,1974,74.6,1.8,13.54506
NZL,1974,72,2.6,3.032
NOR,1974,75.1,2.1,3.985
POL,1974,71.2,2.3,33.691
PRT,1974,68.1,2.6,8.754365
SVK,1974,70.3,2.6,4.689623
SWE,1974,75.1,1.9,8.159955
CHE,1974,74.4,1.7,6.341406
TUR,1974,55.7,5.5,39.037
USA,1974,72.1,1.8,213.8539
BRA,1974,60.6,4.6,102.861
CHN,1974,62.8,4.2,895.9727
EST,1974,70.5,2.1,1.418169
IND,1974,50.4,5.3,607.7719
IDN,1974,56.7,5.2,126.0701
ISR,1974,71.7,3.7,3.4216
RUS,1974,68.5,2,133.4172
AUS,1973,72.1,2.5,13.50454
AUT,1973,71.1,1.9,7.586114
BEL,1973,71.7,2,9.74172
CZE,1973,70.2,2.3,9.919519
DNK,1973,73.6,1.9,5.021861
FIN,1973,71.2,1.5,4.666
FRA,1973,72.5,2.3,52.1183
DEU,1973,71.3,1.6,61.976
GRC,1973,74.1,2.3,8.929086
HUN,1973,69.6,2,10.432
ISL,1973,74.6,2.9,0.2123
JPN,1973,73.4,2.1,108.71
KOR,1973,63.5,4.1,34.10315
LUX,1973,70.8,1.6,0.35045
MEX,1973,63.7,6.4,55.57468
NLD,1973,74.2,1.9,13.43932
NZL,1973,71.8,2.8,2.971
NOR,1973,74.7,2.2,3.961
POL,1973,70.7,2.3,33.363
PRT,1973,67.5,2.7,8.6331
SVK,1973,70.1,2.6,4.641444
SWE,1973,75,1.9,8.136312
CHE,1973,74.1,1.8,6.307348
TUR,1973,55.4,5.6,38.073
USA,1973,71.5,1.9,211.9088
BRA,1973,60.3,4.6,100.291
CHN,1973,61.9,4.6,876.8586
EST,1973,70.4,2.1,1.405951
IND,1973,49.8,5.4,593.9493
IDN,1973,56.2,5.3,122.9808
ISR,1973,71.7,3.7,3.3382
RUS,1973,68.4,2,132.6161
AUS,1972,72,2.7,13.30366
AUT,1972,70.6,2.1,7.544201
BEL,1972,71.5,2.1,9.711114
CZE,1972,70.3,2.1,9.868379
DNK,1972,73.4,2,4.991596
FIN,1972,70.7,1.6,4.64
FRA,1972,72.4,2.4,51.70091
DEU,1972,71,1.7,61.672
GRC,1972,73.8,2.3,8.888628
HUN,1972,69.8,1.9,10.398
ISL,1972,74.5,3.1,0.2092
JPN,1972,73.2,2.1,107.332
KOR,1972,63.1,4.1,33.50541
LUX,1972,70.9,1.8,0.3466
MEX,1972,63.1,6.5,53.94499
NLD,1972,73.8,2.2,13.32859
NZL,1972,71.7,3,2.913
NOR,1972,74.6,2.4,3.933
POL,1972,70.7,2.2,33.068
PRT,1972,68.4,2.7,8.63043
SVK,1972,70.5,2.5,4.596621
SWE,1972,74.8,1.9,8.122299
CHE,1972,73.8,1.9,6.260956
TUR,1972,55,5,37.133
USA,1972,71.3,2,209.896
BRA,1972,60,4.8,97.741
CHN,1972,61,5,856.5981
EST,1972,70.1,2.1,1.392518
IND,1972,49.1,5.4,580.5688
IDN,1972,55.7,5.3,119.9551
ISR,1972,71.5,3.7,3.225
RUS,1972,68.4,2.1,131.838
AUS,1971,71.6,2.9,13.06726
AUT,1971,70.2,2.2,7.500481
BEL,1971,71.2,2.2,9.673161
CAN,1971,72.9,2.2,21.962
CZE,1971,69.8,2,9.830602
DNK,1971,73.3,2,4.963125
FIN,1971,70.1,1.7,4.612
FRA,1971,72.1,2.5,51.25109
DEU,1971,70.8,2,61.302
GRC,1971,74.2,2.3,8.831036
HUN,1971,69.1,1.9,10.368
ISL,1971,73.7,2.9,0.2062
ITA,1971,72,2.4,53.124
JPN,1971,72.9,2.2,105.014
KOR,1971,62.7,4.5,32.8827
LUX,1971,69.7,2,0.34242
MEX,1971,62.4,6.6,52.34549
NLD,1971,73.9,2.4,13.1945
NZL,1971,71.6,3.2,2.864
NOR,1971,74.4,2.5,3.903
POL,1971,69.7,2.3,32.805
PRT,1971,66.4,2.8,8.643756
SVK,1971,70,2.4,4.557448
SWE,1971,74.8,2,8.098334
CHE,1971,73.3,2,6.213405
TUR,1971,54.6,5,36.215
GBR,1971,71.9,2.4,55.928
USA,1971,71.2,2.3,207.6607
BRA,1971,59.6,4.9,95.215
CHN,1971,59.9,5.3,835.6502
EST,1971,70.3,2.2,1.376955
IND,1971,48.4,5.5,567.6116
IDN,1971,55.1,5.4,116.9891
ISR,1971,71.8,3.9,3.0951
RUS,1971,68.5,2,131.0955
AUS,1970,70.8,2.9,12.50735
AUT,1970,70,2.3,7.467086
BEL,1970,71.1,2.3,9.655549
CZE,1970,69.6,1.9,9.805157
DNK,1970,73.3,2,4.928757
FIN,1970,70.8,1.8,4.606
FRA,1970,72.2,2.5,50.77223
DEU,1970,70.6,2,60.651
GRC,1970,73.8,2.4,8.792806
HUN,1970,69.2,2,10.338
ISL,1970,74,2.8,0.2045
IRL,1970,71.2,3.9,2.9499
JPN,1970,72,2.1,103.72
KOR,1970,62.3,4.5,32.24083
MEX,1970,60.9,6.7,50.78524
NLD,1970,73.7,2.6,13.03853
NZL,1970,71.5,3.2,2.82
NOR,1970,74.4,2.5,3.879
POL,1970,70,2.2,32.526
PRT,1970,66.7,2.8,8.680431
SVK,1970,70,2.4,4.538222
ESP,1970,72,2.9,33.75282
SWE,1970,74.8,1.9,8.0428
CHE,1970,73.1,2.1,6.180882
TUR,1970,54.2,5,35.321
GBR,1970,71.9,2.4,55.632
USA,1970,70.9,2.5,205.0522
BRA,1970,59.2,5,92.716
CHL,1970,62.3,4,9.569631
CHN,1970,58.7,5.6,814.4229
EST,1970,70,2.2,1.360076
IND,1970,47.7,5.6,555.0637
IDN,1970,54.6,5.5,114.0802
RUS,1970,68.3,2,130.3918
AUS,1969,71.1,2.9,12.26301
AUT,1969,69.9,2.5,7.441055
BEL,1969,70.9,2.3,9.646032
CZE,1969,69.6,1.9,9.896695
DNK,1969,73.2,2,4.891859
FRA,1969,71.3,2.5,50.31798
DEU,1969,70.3,2.2,60.067
GRC,1969,73,2.4,8.772764
HUN,1969,69.4,2,10.294
ISL,1969,73.8,3,0.2034
JPN,1969,71.9,2.1,102.648
NLD,1969,73.6,2.7,12.87798
NZL,1969,71.5,3.3,2.78
NOR,1969,74,2.7,3.851
POL,1969,69.8,2.2,32.555
PRT,1969,65.9,3,8.757705
SVK,1969,70.1,2.4,4.518607
SWE,1969,74.2,1.9,7.968071
CHE,1969,72.7,2.2,6.136387
TUR,1969,53.8,5.2,34.443
USA,1969,70.6,2.5,202.677
BRA,1969,58.8,5.2,90.246
CHN,1969,57.2,5.9,792.5192
EST,1969,69.9,2.1,1.345249
IND,1969,47,5.6,542.7511
IDN,1969,54,5.5,111.1794
RUS,1969,68,2,129.7342
AUS,1968,70.9,2.9,12.00863
AUT,1968,70.2,2.6,7.415402
BEL,1968,70.8,2.3,9.618755
CZE,1968,70.1,1.8,9.877632
DNK,1968,73,2.1,4.864882
FIN,1968,69.8,2.1,4.626
FRA,1968,71.5,2.6,49.9154
DEU,1968,70.5,2.4,59.5
GRC,1968,72.4,2.4,8.740765
HUN,1968,69.3,2.1,10.256
ISL,1968,74.1,3.1,0.2015
JPN,1968,71.7,2.1,101.408
NLD,1968,73.7,2.7,12.72972
NZL,1968,71.4,3.3,2.754
NOR,1968,74.2,2.8,3.819
POL,1968,70.3,2.2,32.305
PRT,1968,66.4,3,8.83665
SVK,1968,70.7,2.4,4.483914
SWE,1968,74.1,2.1,7.912273
CHE,1968,72.7,2.3,6.067713
TUR,1968,53.4,5.3,33.586
USA,1968,70.4,2.5,200.706
BRA,1968,58.3,5.3,87.807
CHN,1968,55.5,6.1,770.5073
EST,1968,70.2,2,1.331213
IND,1968,46.4,5.7,530.8898
IDN,1968,53.4,5.6,108.3459
RUS,1968,68,2,129.103
AUS,1967,71.2,2.8,11.79908
AUT,1967,70,2.6,7.376998
BEL,1967,71.1,2.4,9.58099
CZE,1967,70.5,1.9,9.854241
DNK,1967,72.6,2.4,4.835354
FRA,1967,71.5,2.7,49.5483
DEU,1967,70.9,2.5,59.286
GRC,1967,72.3,2.5,8.684088
HUN,1967,69.5,2,10.217
ISL,1967,73.9,3.3,0.1988
JPN,1967,71.5,2.2,100.243
NLD,1967,73.9,2.8,12.5982
NZL,1967,71.4,3.3,2.728
NOR,1967,74.3,2.8,3.785
POL,1967,69.5,2.3,31.944
PRT,1967,66,3.1,8.87452
SVK,1967,71.2,2.5,4.449367
SWE,1967,74.2,2.3,7.867931
CHE,1967,72.8,2.4,5.991785
TUR,1967,52.9,5.5,32.75
USA,1967,70.7,2.6,198.7121
BRA,1967,57.8,5.5,85.402
CHN,1967,53.5,6.3,749.1154
EST,1967,70.6,1.9,1.318946
IND,1967,45.7,5.8,519.47
IDN,1967,52.8,5.6,105.5884
RUS,1967,68,2,128.4414
AUS,1966,70.8,2.9,11.5995
AUT,1966,70.2,2.7,7.322066
BEL,1966,70.8,2.5,9.527807
CAN,1966,72,2.8,20.421
CZE,1966,70.6,2,9.826188
FRA,1966,71.5,2.8,49.16366
DEU,1966,70.6,2.5,59.148
GRC,1966,72.6,2.3,8.613651
HUN,1966,69.9,1.9,10.179
ISL,1966,73.4,3.6,0.1956
JPN,1966,71,1.6,99.054
NLD,1966,73.6,2.9,12.45625
NZL,1966,71.3,3.4,2.683
NOR,1966,74.3,2.9,3.753
POL,1966,69.9,2.3,31.698
PRT,1966,65.2,3.1,8.93099
SVK,1966,70.6,2.7,4.411666
SWE,1966,74.2,2.4,7.807797
CHE,1966,72.5,2.5,5.918002
TUR,1966,52.2,5.7,31.936
USA,1966,70.3,2.7,196.5603
BRA,1966,57.3,5.6,83.033
CHN,1966,51.3,6.4,729.2626
EST,1966,70.4,1.9,1.308596
IND,1966,45,5.8,508.4673
IDN,1966,52.3,5.6,102.9184
RUS,1966,67.9,2.1,127.6746
AUS,1965,71,3,11.3409
AUT,1965,69.8,2.7,7.270888
BEL,1965,70.7,2.6,9.463667
CZE,1965,70.4,2.2,9.785102
FRA,1965,71.3,2.8,48.7578
DEU,1965,70.5,2.5,58.619
GRC,1965,72.4,2.3,8.550333
HUN,1965,69.1,1.8,10.148
ISL,1965,73.9,3.7,0.1923
JPN,1965,70.3,2.1,98.275
NLD,1965,73.6,3,12.29473
NZL,1965,71.2,3.5,2.635
NOR,1965,74,2.9,3.723
POL,1965,69.5,2.5,31.496
PRT,1965,65.8,3.1,8.998595
SVK,1965,70.4,2.8,4.370983
SWE,1965,73.9,2.4,7.733853
CHE,1965,72.3,2.6,5.856472
TUR,1965,51.6,5.8,31.149
USA,1965,70.3,2.9,194.303
BRA,1965,56.8,5.7,80.703
CHN,1965,49.2,6.4,711.5829
EST,1965,70.3,1.9,1.294566
IND,1965,44.3,5.8,497.8542
IDN,1965,51.7,5.6,100.3432
RUS,1965,67.8,2.1,126.7491
AUS,1964,70.7,3.2,11.1216
AUT,1964,70,2.8,7.223801
BEL,1964,70.9,2.7,9.378113
CZE,1964,70.7,2.4,9.730019
FRA,1964,71.4,2.9,48.31041
DEU,1964,70.6,2.5,57.971
GRC,1964,71.9,2.2,8.510429
HUN,1964,69.5,1.8,10.12
ISL,1964,73.6,3.9,0.1888
JPN,1964,70.3,2.1,97.186
NLD,1964,73.8,3.2,12.12712
NZL,1964,71.2,3.8,2.589
NOR,1964,73.9,3,3.694
POL,1964,68.7,2.6,31.161
PRT,1964,64.9,3.2,9.035365
SVK,1964,71.2,2.9,4.327341
SWE,1964,73.8,2.5,7.661353
CHE,1964,72.2,2.7,5.789228
TUR,1964,51,6,30.391
USA,1964,70.3,3.2,191.8888
BRA,1964,56.3,5.8,78.414
CHN,1964,47.2,6.3,695.9187
EST,1964,70.3,1.9,1.277086
IND,1964,43.7,5.9,487.4641
IDN,1964,51.1,5.6,97.82113
RUS,1964,67.7,2.2,125.6448
AUS,1963,71.1,3.3,10.9069
AUT,1963,69.6,2.8,7.175811
BEL,1963,70.1,2.7,9.28977
CZE,1963,70.5,2.3,9.668741
FIN,1963,69,2.7,4.523
FRA,1963,70.5,2.9,47.81622
DEU,1963,70,2.5,57.389
GRC,1963,72,2.1,8.479625
HUN,1963,69,1.8,10.088
ISL,1963,73.2,4,0.1855
JPN,1963,69.8,2,96.156
NLD,1963,73.4,3.2,11.96597
NZL,1963,71.2,4.1,2.537
NOR,1963,73.4,2.9,3.667
POL,1963,68.5,2.7,30.691
PRT,1963,64.7,3.1,9.030355
SVK,1963,70.8,2.9,4.282016
SWE,1963,73.6,2.3,7.604327
CHE,1963,71.3,2.7,5.694247
TUR,1963,50.3,6.2,29.652
USA,1963,70,3.3,189.2418
BRA,1963,55.8,5.9,76.169
CHN,1963,45.6,6.2,682.6161
EST,1963,69.5,1.9,1.258857
IND,1963,43,5.9,477.457
IDN,1963,50.5,5.6,95.40449
RUS,1963,67.4,2.3,124.3766
AUS,1962,71,3.4,10.7005
AUT,1962,69.4,2.8,7.129864
BEL,1962,70.3,2.6,9.220577
CZE,1962,69.9,2.1,9.621808
FRA,1962,70.5,2.8,46.9977
DEU,1962,69.9,2.4,56.837
GRC,1962,71.7,2.2,8.448233
HUN,1962,67.9,1.8,10.061
ISL,1962,73.8,4,0.1821
JPN,1962,68.7,2,95.178
NLD,1962,73.4,3.2,11.80569
NZL,1962,71.2,4.2,2.485
NOR,1962,73.7,2.9,3.639
POL,1962,67.5,2.7,30.324
PRT,1962,64.1,3.2,8.993985
SVK,1962,70.4,2.8,4.238188
SWE,1962,73.4,2.3,7.561588
CHE,1962,71.3,2.6,5.573815
TUR,1962,49.7,6.3,28.931
USA,1962,70.2,3.5,186.5377
BRA,1962,55.3,6,73.969
CHN,1962,44.4,6.1,671.1549
EST,1962,69.4,2,1.241622
IND,1962,42.4,5.9,467.8056
IDN,1962,49.9,5.6,93.08653
RUS,1962,67.1,2.4,122.9705
AUS,1961,71.2,3.5,10.5082
AUT,1961,69.7,2.8,7.086298
BEL,1961,70.6,2.6,9.183947
CAN,1961,71.3,3.8,18.635
CZE,1961,70.7,2.1,9.588016
FRA,1961,71,2.8,46.16283
DEU,1961,69.7,2.4,56.175
GRC,1961,72,2.1,8.39805
HUN,1961,69,1.9,10.028
ISL,1961,73.6,3.9,0.1789
ITA,1961,69.8,2.4,49.156
JPN,1961,68.4,2,94.285
NLD,1961,73.8,3.2,11.63871
NZL,1961,71.1,4.3,2.427
NOR,1961,73.8,2.9,3.615
POL,1961,67.8,2.8,29.965
PRT,1961,62.7,3.2,8.929316
SVK,1961,70.9,3,4.191667
SWE,1961,73.5,2.2,7.519997
CHE,1961,71.8,2.5,5.434294
TUR,1961,49,6.3,28.227
GBR,1961,70.7,2.8,52.807
USA,1961,70.4,3.6,183.6915
BRA,1961,54.8,6,71.818
CHN,1961,43.7,5.9,660.735
EST,1961,69.2,2,1.225076
IND,1961,41.8,5.9,458.496
IDN,1961,49.3,5.7,90.85668
RUS,1961,66.7,2.5,121.469
AUS,1960,70.9,3.5,10.275
AUT,1960,68.7,2.7,7.047539
BEL,1960,69.8,2.5,9.153489
CZE,1960,70.7,2.1,9.659818
DNK,1960,72.4,2.5,4.579603
FIN,1960,69,2.7,4.43
FRA,1960,70.3,2.7,45.68423
DEU,1960,69.1,2.4,55.585
HUN,1960,68.1,2,9.984
IRL,1960,70,3.8,2.8321
JPN,1960,67.8,2,93.419
LUX,1960,69.4,2.3,0.313969
NLD,1960,73.5,3.1,11.48663
NOR,1960,73.8,2.9,3.585
POL,1960,67.8,3,29.561
PRT,1960,63.9,3.1,8.857716
SVK,1960,70.3,3.1,4.068094
ESP,1960,69.8,2.9,30.256
SWE,1960,73.1,2.2,7.484656
CHE,1960,71.4,2.4,5.327827
TUR,1960,48.3,6.4,27.506
GBR,1960,70.8,2.7,52.373
USA,1960,69.9,3.7,180.6712
BRA,1960,54.3,6.1,69.717
CHN,1960,43.4,5.7,650.7126
EST,1960,68.9,2,1.211537
IND,1960,41.2,5.9,449.5214
IDN,1960,48.7,5.7,88.70762
RUS,1960,66.2,2.5,119.9057